{"iteration":1,"tour":[6,4,8,2,1,3,5,9,7,0],"distance":333.7563521842}
{"iteration":2,"tour":[1,4,8,2,6,3,5,9,7,0],"distance":288.3903815785}
{"iteration":3,"tour":[1,4,8,2,6,9,5,3,7,0],"distance":266.1902120397}
{"iteration":4,"tour":[1,4,8,2,5,9,6,3,7,0],"distance":229.666606857}
{"iteration":5,"tour":[1,0,8,2,5,9,6,3,7,4],"distance":217.0401632814}
{"iteration":6,"tour":[7,0,8,2,5,9,6,3,1,4],"distance":209.2411894942}
