{"iteration":1,"tour":[6,3,4,7,8,5,0,1,9,2],"distance":570.3541896042}
{"iteration":2,"tour":[5,3,4,7,8,6,0,1,9,2],"distance":414.3484538351}
{"iteration":3,"tour":[5,3,4,7,8,9,0,1,6,2],"distance":366.8630942332}
{"iteration":4,"tour":[5,3,6,7,8,9,0,1,4,2],"distance":326.0855583305}
