{"iteration":1,"tour":[9,0,7,2,6,3,4,5,1,8],"distance":628.86402565}
{"iteration":2,"tour":[1,0,7,2,6,3,4,5,9,8],"distance":478.3006424744}
{"iteration":3,"tour":[1,0,3,2,6,7,4,5,9,8],"distance":397.0978942741}
{"iteration":4,"tour":[1,0,3,2,6,7,8,5,9,4],"distance":340.1902506153}
{"iteration":5,"tour":[1,0,3,2,7,6,8,5,9,4],"distance":328.2483618204}
{"iteration":6,"tour":[1,0,3,2,7,6,5,8,9,4],"distance":326.660318915}
